<?xml version="1.0" encoding="UTF-8" ?>
<module>
	<name>beGateway</name>
	<displayName><![CDATA[beGateway]]></displayName>
	<version><![CDATA[1.3.9]]></version>
	<description><![CDATA[Приём оплаты по банковским картам]]></description>
	<author><![CDATA[]]></author>
	<tab><![CDATA[payments_gateways]]></tab>
	<confirmUninstall><![CDATA[Вы уверены, что хотите удалить настройки?]]></confirmUninstall>
	<is_configurable>1</is_configurable>
	<need_instance>1</need_instance>
	<limited_countries></limited_countries>
</module>
